<?xml version="1.0" encoding="UTF-8"?>
<LightningComponentBundle xmlns="http://soap.sforce.com/2006/04/metadata">
    <apiVersion>58.0</apiVersion>
    <isExposed>true</isExposed>
    <targets>
        <target>lightningCommunity__Page</target>
        <target>lightningCommunity__Default</target>
    </targets>
    <masterLabel>CCEP Builder Product Recommended Products</masterLabel>
    <description>Displays the recommended products.</description>
    <targetConfigs>
        <targetConfig targets="lightningCommunity__Default">
            <property name="productId" type="String" default="{!Product.Details.id}" />
        </targetConfig>
    </targetConfigs>
</LightningComponentBundle>