<?xml version="1.0" encoding="UTF-8"?>
<LightningComponentBundle xmlns="http://soap.sforce.com/2006/04/metadata">
    <apiVersion>58.0</apiVersion>
    <isExposed>true</isExposed>
    <targets>
        <target>lightningCommunity__Page</target>
        <target>lightningCommunity__Default</target>
    </targets>
    <masterLabel>CCEP Builder Search Filters</masterLabel>
    <description>Displays the search filters.</description>
    <targetConfigs>
        <targetConfig targets="lightningCommunity__Default">
            <property name="searchResults" type="String" default="{!Search.Results}" />
            <property name="startIndex" type="String" label="The starting index of items displayed in the list." default="{!Search.Pagination.startIndex}" />
            <property name="totalPages" type="String" label="The number of pages in the search result" default="{!Search.Pagination.totalPages}" />
            <property name="total" type="String" label="The number of pages in the search result" default="{!Search.Results.total}" />
            <property name="searchTerm" type="String" label="Término de búsqueda" default="{!term}" />
            <property name="sortRuleId" type="String" label="Id de la regla de ordenación" default="{!Search.SortRules.currentSortRuleId}" />
            <property name="currentPage" type="String" label="Página actual" default="{!Search.Pagination.currentPage}" />
        </targetConfig>
    </targetConfigs>
</LightningComponentBundle>