<?xml version="1.0" encoding="UTF-8"?>
<LightningComponentBundle xmlns="http://soap.sforce.com/2006/04/metadata">
    <apiVersion>56.0</apiVersion>
    <isExposed>true</isExposed>
    <targets>
        <target>lightningCommunity__Page</target>
        <target>lightningCommunity__Default</target>
    </targets>
    <masterLabel>CCEP Category Info</masterLabel>
    <description>Displays the category information</description>
    <targetConfigs>
        <targetConfig targets="lightningCommunity__Default">
            <property name="categoryId" type="String" default="{!Route.recordId}" />
        </targetConfig>
    </targetConfigs>
</LightningComponentBundle>