<?xml version="1.0" encoding="UTF-8"?>
<LightningComponentBundle xmlns="http://soap.sforce.com/2006/04/metadata">
    <apiVersion>58.0</apiVersion>
    <isExposed>true</isExposed>
    <targets>
        <target>lightningCommunity__Page</target>
        <target>lightningCommunity__Default</target>
    </targets>
    <masterLabel>CCEP Builder Footer</masterLabel>
    <description>Displays the footer.</description>
    <targetConfigs>
        <targetConfig targets="lightningCommunity__Default">
            <property name="logoMobile" type="ContentReference" filter="cms_image" label="Mobile logo"/>
            <property name="logoDesktop" type="ContentReference" filter="cms_image" label="Desktop logo"/>
            <property type="String" name="linksOfInterestNavigationMenu" label="Links Of Interest Navigation Menu (use _ instead of spaces)"/>
            <property type="String" name="followUsNavigationMenu" label="Follow Us Navigation Menu (use _ instead of spaces)"/>
            <property type="String" name="contentPageLinksNavigationMenu" label="Content Page Links Navigation Menu (use _ instead of spaces)"/>
            <property type="String" name="telephoneNumber" label="Telephone Number"/>
            <property type="String" name="contactEmail" label="Contact Email"/>
        </targetConfig>
    </targetConfigs>
</LightningComponentBundle>