<?xml version="1.0" encoding="UTF-8"?>
<LightningComponentBundle xmlns="http://soap.sforce.com/2006/04/metadata">
    <apiVersion>58.0</apiVersion>
    <isExposed>true</isExposed>
    <targets>
        <target>lightningCommunity__Page</target>
        <target>lightningCommunity__Default</target>
    </targets>
    <masterLabel>CCEP Page Title</masterLabel>
    <description>Displays the ccep page title.</description>
    <targetConfigs>
        <targetConfig targets="lightningCommunity__Default">
            <property type="String" name="title" translatable="true" label="Title for the page"/>
            <property type="String" name="align" label="Title alignment (center, left or right)" default="left"/>
        </targetConfig>
    </targetConfigs>
</LightningComponentBundle>