<?xml version="1.0" encoding="UTF-8"?>
<LightningComponentBundle xmlns="http://soap.sforce.com/2006/04/metadata">
    <apiVersion>58.0</apiVersion>
    <isExposed>true</isExposed>
    <targets>
        <target>lightningCommunity__Page</target>
        <target>lightningCommunity__Default</target>
    </targets>
    <masterLabel>CCEP Builder Product Detail Add To Cart</masterLabel>
    <description>Displays add to cart aciont and price in Product detail page</description>
    <targetConfigs>
        <targetConfig targets="lightningCommunity__Default">
            <property name="productDetail" type="String" default="{!Product.Details}" />
            <property name="productPricing" type="String" default="{!Product.Pricing}" />
        </targetConfig>
    </targetConfigs>
</LightningComponentBundle>