<?xml version="1.0" encoding="UTF-8"?>
<LightningComponentBundle xmlns="http://soap.sforce.com/2006/04/metadata">
    <apiVersion>58.0</apiVersion>
    <isExposed>true</isExposed>
    <targets>
        <target>lightningCommunity__Page</target>
        <target>lightningCommunity__Default</target>
    </targets>
    <masterLabel>CCEP Builder Order Summary Detail</masterLabel>
    <description>Displays the order summary information</description>
    <targetConfigs>
        <targetConfig targets="lightningCommunity__Default">
            <property type="String" name="recordId" label="ID of the order summary" default="{!recordId}"/>
        </targetConfig>
    </targetConfigs>
</LightningComponentBundle>