<?xml version="1.0" encoding="UTF-8"?>
<LightningComponentBundle xmlns="http://soap.sforce.com/2006/04/metadata">
    <apiVersion>58.0</apiVersion>
    <isExposed>true</isExposed>
    <targets>
        <target>lightningCommunity__Page</target>
        <target>lightningCommunity__Default</target>
    </targets>
    <masterLabel>CCEP Builder Search Bar</masterLabel>
    <description>Displays search bar.</description>
    <targetConfigs>
        <targetConfig targets="lightningCommunity__Default">
            <property name="searchTerm" type="String" label="Término de búsqueda" default="{!term}" />
        </targetConfig>
    </targetConfigs>
</LightningComponentBundle>