<?xml version="1.0" encoding="UTF-8"?>
<LightningComponentBundle xmlns="http://soap.sforce.com/2006/04/metadata">
    <apiVersion>58.0</apiVersion>
    <isExposed>true</isExposed>
    <targets>
        <target>lightningCommunity__Page</target>
        <target>lightningCommunity__Default</target>
    </targets>
    <masterLabel>CCEP Builder Cart</masterLabel>
    <description>Displays the information about the cart</description>
    <targetConfigs>
        <targetConfig targets="lightningCommunity__Default">
            <property name="cartItems" type="String" default="{!Cart.Items}" />
            <property name="currencyIsoCode" type="String" default="{!Cart.Details.currencyIsoCode}" />
        </targetConfig>
    </targetConfigs>
</LightningComponentBundle>