<?xml version="1.0" encoding="UTF-8"?>
<LightningComponentBundle xmlns="http://soap.sforce.com/2006/04/metadata">
    <apiVersion>58.0</apiVersion>
    <isExposed>true</isExposed>
    <targets>
        <target>lightningCommunity__Page</target>
        <target>lightningCommunity__Default</target>
    </targets>
    <masterLabel>CCEP Builder Sections Info</masterLabel>
    <description>Displays a collection of sections</description>
    <targetConfigs>
        <targetConfig targets="lightningCommunity__Default">
            <property name="cmsCollection" label="Collection of sections" type="ContentReference" required="true" filter="sfdc_cms__cmsManualCollection" />
        </targetConfig>
    </targetConfigs>
</LightningComponentBundle>