<?xml version="1.0" encoding="UTF-8"?>
<LightningComponentBundle xmlns="http://soap.sforce.com/2006/04/metadata">
    <apiVersion>58.0</apiVersion>
    <isExposed>true</isExposed>
    <targets>
        <target>lightningCommunity__Page</target>
        <target>lightningCommunity__Default</target>
    </targets>
    <masterLabel>CCEP Builder Promotions List Page</masterLabel>
    <description>Displays the promotions list page.</description>
    <targetConfigs>
        <targetConfig targets="lightningCommunity__Default">
            <property name="pageSize" type="Integer" label="The size's promotion page" default="2" />
        </targetConfig>
    </targetConfigs>
</LightningComponentBundle>