<?xml version="1.0" encoding="UTF-8"?>
<LightningComponentBundle xmlns="http://soap.sforce.com/2006/04/metadata">
    <apiVersion>58.0</apiVersion>
    <isExposed>true</isExposed>
    <targets>
        <target>lightningCommunity__Page</target>
        <target>lightningCommunity__Default</target>
    </targets>
    <masterLabel>CCEP Builder Hamburger Menu In Header</masterLabel>
    <description>Displays the hamburger menu in the Commerce header</description>
    <targetConfigs>
        <targetConfig targets="lightningCommunity__Default">
            <property type="String" name="navigationLinkSetDevName" label="Navigation Menu Name (use _ instead of spaces)"/>
        </targetConfig>
    </targetConfigs>
</LightningComponentBundle>