<?xml version="1.0" encoding="UTF-8"?>
<LightningComponentBundle xmlns="http://soap.sforce.com/2006/04/metadata">
    <apiVersion>58.0</apiVersion>
    <isExposed>true</isExposed>
    <targets>
        <target>lightningCommunity__Page</target>
        <target>lightningCommunity__Default</target>
    </targets>
    <masterLabel>CCEP Builder Wishlist Results</masterLabel>
    <description>Displays the wishlist results.</description>
    <targetConfigs>
        <targetConfig targets="lightningCommunity__Default">
            <property name="contentKey" type="ContentReference" label="Imagen de No Resultados" filter="cms_image" />    
        </targetConfig>
    </targetConfigs>
</LightningComponentBundle>