<?xml version="1.0" encoding="UTF-8"?>
<LightningComponentBundle xmlns="http://soap.sforce.com/2006/04/metadata">
    <apiVersion>58.0</apiVersion>
    <isExposed>true</isExposed>
    <masterLabel>CCEP Sorting Menu</masterLabel>
    <description>Displays options for changing the search sort order.</description>
    <targets>
        <target>lightningCommunity__Page</target>
        <target>lightningCommunity__Default</target>
    </targets>
    <targetConfigs>
        <targetConfig targets="lightningCommunity__Default">
            <property name="sortRules" type="String" label="Sort Rules" description="The sort rules to display in the dropdown menu" default="{!Search.SortRules.rules}" />
            <property name="sortRuleId" type="String" label="Selected Sort Rule" description="The current sort rule selected" default="{!Search.SortRules.currentSortRuleId}" />
            <property name="startIndex" type="String" label="The starting index of items displayed in the list." default="{!Search.Pagination.startIndex}" />
            <property name="totalPages" type="String" label="The number of pages in the search result" default="{!Search.Pagination.totalPages}" />
            <property name="total" type="String" label="The number of pages in the search result" default="{!Search.Results.total}" />
       
        </targetConfig>
    </targetConfigs>
</LightningComponentBundle>